[
{
  "model": "admin.logentry",
  "pk": 1,
  "fields": {
    "action_time": "2022-12-14T18:17:57.082Z",
    "user": 1,
    "content_type": 8,
    "object_id": "1",
    "object_repr": "Парикмахерские услуги",
    "action_flag": 1,
    "change_message": "[{\"added\": {}}]"
  }
},
{
  "model": "admin.logentry",
  "pk": 2,
  "fields": {
    "action_time": "2022-12-14T18:18:28.238Z",
    "user": 1,
    "content_type": 8,
    "object_id": "2",
    "object_repr": "Ногтевой сервис",
    "action_flag": 1,
    "change_message": "[{\"added\": {}}]"
  }
},
{
  "model": "admin.logentry",
  "pk": 3,
  "fields": {
    "action_time": "2022-12-14T18:19:05.219Z",
    "user": 1,
    "content_type": 8,
    "object_id": "3",
    "object_repr": "Макияж",
    "action_flag": 1,
    "change_message": "[{\"added\": {}}]"
  }
},
{
  "model": "admin.logentry",
  "pk": 4,
  "fields": {
    "action_time": "2022-12-14T18:20:46.461Z",
    "user": 1,
    "content_type": 7,
    "object_id": "1",
    "object_repr": "BeautyCity Пушкинская",
    "action_flag": 1,
    "change_message": "[{\"added\": {}}]"
  }
},
{
  "model": "admin.logentry",
  "pk": 5,
  "fields": {
    "action_time": "2022-12-14T18:21:07.784Z",
    "user": 1,
    "content_type": 7,
    "object_id": "2",
    "object_repr": "BeautyCity Ленина",
    "action_flag": 1,
    "change_message": "[{\"added\": {}}]"
  }
},
{
  "model": "admin.logentry",
  "pk": 6,
  "fields": {
    "action_time": "2022-12-14T18:21:27.900Z",
    "user": 1,
    "content_type": 7,
    "object_id": "3",
    "object_repr": "BeautyCity Красная",
    "action_flag": 1,
    "change_message": "[{\"added\": {}}]"
  }
},
{
  "model": "admin.logentry",
  "pk": 7,
  "fields": {
    "action_time": "2022-12-14T18:22:15.793Z",
    "user": 1,
    "content_type": 9,
    "object_id": "1",
    "object_repr": "Окрашивание волос",
    "action_flag": 1,
    "change_message": "[{\"added\": {}}]"
  }
},
{
  "model": "admin.logentry",
  "pk": 8,
  "fields": {
    "action_time": "2022-12-14T18:22:40.130Z",
    "user": 1,
    "content_type": 9,
    "object_id": "2",
    "object_repr": "Укладка волос",
    "action_flag": 1,
    "change_message": "[{\"added\": {}}]"
  }
},
{
  "model": "admin.logentry",
  "pk": 9,
  "fields": {
    "action_time": "2022-12-14T18:23:11.928Z",
    "user": 1,
    "content_type": 9,
    "object_id": "3",
    "object_repr": "Маникюр. Классический",
    "action_flag": 1,
    "change_message": "[{\"added\": {}}]"
  }
},
{
  "model": "admin.logentry",
  "pk": 10,
  "fields": {
    "action_time": "2022-12-14T18:23:33.961Z",
    "user": 1,
    "content_type": 9,
    "object_id": "4",
    "object_repr": "Педикюр",
    "action_flag": 1,
    "change_message": "[{\"added\": {}}]"
  }
},
{
  "model": "admin.logentry",
  "pk": 11,
  "fields": {
    "action_time": "2022-12-14T18:23:56.038Z",
    "user": 1,
    "content_type": 9,
    "object_id": "5",
    "object_repr": "Наращивание ногтей",
    "action_flag": 1,
    "change_message": "[{\"added\": {}}]"
  }
},
{
  "model": "admin.logentry",
  "pk": 12,
  "fields": {
    "action_time": "2022-12-14T18:24:28.369Z",
    "user": 1,
    "content_type": 9,
    "object_id": "6",
    "object_repr": "Дневной макияж",
    "action_flag": 1,
    "change_message": "[{\"added\": {}}]"
  }
},
{
  "model": "admin.logentry",
  "pk": 13,
  "fields": {
    "action_time": "2022-12-14T18:24:38.938Z",
    "user": 1,
    "content_type": 9,
    "object_id": "3",
    "object_repr": "Маникюр. Классический",
    "action_flag": 2,
    "change_message": "[{\"changed\": {\"fields\": [\"\\u041a\\u0430\\u0442\\u0435\\u0433\\u043e\\u0440\\u0438\\u044f \\u0443\\u0441\\u043b\\u0443\\u0433\\u0438\"]}}]"
  }
},
{
  "model": "admin.logentry",
  "pk": 14,
  "fields": {
    "action_time": "2022-12-14T18:24:46.864Z",
    "user": 1,
    "content_type": 9,
    "object_id": "4",
    "object_repr": "Педикюр",
    "action_flag": 2,
    "change_message": "[{\"changed\": {\"fields\": [\"\\u041a\\u0430\\u0442\\u0435\\u0433\\u043e\\u0440\\u0438\\u044f \\u0443\\u0441\\u043b\\u0443\\u0433\\u0438\"]}}]"
  }
},
{
  "model": "admin.logentry",
  "pk": 15,
  "fields": {
    "action_time": "2022-12-14T18:24:52.585Z",
    "user": 1,
    "content_type": 9,
    "object_id": "5",
    "object_repr": "Наращивание ногтей",
    "action_flag": 2,
    "change_message": "[{\"changed\": {\"fields\": [\"\\u041a\\u0430\\u0442\\u0435\\u0433\\u043e\\u0440\\u0438\\u044f \\u0443\\u0441\\u043b\\u0443\\u0433\\u0438\"]}}]"
  }
},
{
  "model": "admin.logentry",
  "pk": 16,
  "fields": {
    "action_time": "2022-12-14T18:24:57.009Z",
    "user": 1,
    "content_type": 9,
    "object_id": "6",
    "object_repr": "Дневной макияж",
    "action_flag": 2,
    "change_message": "[]"
  }
},
{
  "model": "admin.logentry",
  "pk": 17,
  "fields": {
    "action_time": "2022-12-14T18:25:19.655Z",
    "user": 1,
    "content_type": 9,
    "object_id": "7",
    "object_repr": "Свадебный макияж",
    "action_flag": 1,
    "change_message": "[{\"added\": {}}]"
  }
},
{
  "model": "admin.logentry",
  "pk": 18,
  "fields": {
    "action_time": "2022-12-14T18:25:41.654Z",
    "user": 1,
    "content_type": 9,
    "object_id": "8",
    "object_repr": "Вечерний макияж",
    "action_flag": 1,
    "change_message": "[{\"added\": {}}]"
  }
},
{
  "model": "admin.logentry",
  "pk": 19,
  "fields": {
    "action_time": "2022-12-14T18:34:28.580Z",
    "user": 1,
    "content_type": 11,
    "object_id": "1",
    "object_repr": "Лариса",
    "action_flag": 1,
    "change_message": "[{\"added\": {}}]"
  }
},
{
  "model": "admin.logentry",
  "pk": 20,
  "fields": {
    "action_time": "2022-12-14T18:35:09.908Z",
    "user": 1,
    "content_type": 11,
    "object_id": "2",
    "object_repr": "Шэрон",
    "action_flag": 1,
    "change_message": "[{\"added\": {}}]"
  }
},
{
  "model": "admin.logentry",
  "pk": 21,
  "fields": {
    "action_time": "2022-12-14T18:36:03.296Z",
    "user": 1,
    "content_type": 11,
    "object_id": "3",
    "object_repr": "Сара-Джесика",
    "action_flag": 1,
    "change_message": "[{\"added\": {}}]"
  }
},
{
  "model": "admin.logentry",
  "pk": 22,
  "fields": {
    "action_time": "2022-12-14T18:36:35.895Z",
    "user": 1,
    "content_type": 11,
    "object_id": "4",
    "object_repr": "Дэми",
    "action_flag": 1,
    "change_message": "[{\"added\": {}}]"
  }
},
{
  "model": "admin.logentry",
  "pk": 23,
  "fields": {
    "action_time": "2022-12-14T18:37:08.985Z",
    "user": 1,
    "content_type": 11,
    "object_id": "5",
    "object_repr": "Анджелина",
    "action_flag": 1,
    "change_message": "[{\"added\": {}}]"
  }
},
{
  "model": "admin.logentry",
  "pk": 24,
  "fields": {
    "action_time": "2022-12-14T18:47:30.829Z",
    "user": 1,
    "content_type": 11,
    "object_id": "3",
    "object_repr": "Сара-Джесика",
    "action_flag": 2,
    "change_message": "[{\"changed\": {\"fields\": [\"\\u0410\\u0432\\u0430\\u0442\\u0430\\u0440\\u043a\\u0430\"]}}]"
  }
},
{
  "model": "admin.logentry",
  "pk": 25,
  "fields": {
    "action_time": "2022-12-14T18:59:58.557Z",
    "user": 1,
    "content_type": 10,
    "object_id": "1",
    "object_repr": "Юля",
    "action_flag": 1,
    "change_message": "[{\"added\": {}}]"
  }
},
{
  "model": "admin.logentry",
  "pk": 26,
  "fields": {
    "action_time": "2022-12-14T19:00:28.085Z",
    "user": 1,
    "content_type": 10,
    "object_id": "2",
    "object_repr": "Юля",
    "action_flag": 1,
    "change_message": "[{\"added\": {}}]"
  }
},
{
  "model": "admin.logentry",
  "pk": 27,
  "fields": {
    "action_time": "2022-12-14T19:00:57.863Z",
    "user": 1,
    "content_type": 10,
    "object_id": "3",
    "object_repr": "Юля",
    "action_flag": 1,
    "change_message": "[{\"added\": {}}]"
  }
},
{
  "model": "admin.logentry",
  "pk": 28,
  "fields": {
    "action_time": "2022-12-14T19:01:31.243Z",
    "user": 1,
    "content_type": 10,
    "object_id": "4",
    "object_repr": "Кира",
    "action_flag": 1,
    "change_message": "[{\"added\": {}}]"
  }
},
{
  "model": "admin.logentry",
  "pk": 29,
  "fields": {
    "action_time": "2022-12-14T19:01:52.770Z",
    "user": 1,
    "content_type": 10,
    "object_id": "5",
    "object_repr": "Кира",
    "action_flag": 1,
    "change_message": "[{\"added\": {}}]"
  }
},
{
  "model": "admin.logentry",
  "pk": 30,
  "fields": {
    "action_time": "2022-12-14T19:02:19.285Z",
    "user": 1,
    "content_type": 10,
    "object_id": "6",
    "object_repr": "Кира",
    "action_flag": 1,
    "change_message": "[{\"added\": {}}]"
  }
},
{
  "model": "admin.logentry",
  "pk": 31,
  "fields": {
    "action_time": "2022-12-14T19:02:50.073Z",
    "user": 1,
    "content_type": 10,
    "object_id": "7",
    "object_repr": "Андрей",
    "action_flag": 1,
    "change_message": "[{\"added\": {}}]"
  }
},
{
  "model": "admin.logentry",
  "pk": 32,
  "fields": {
    "action_time": "2022-12-14T19:03:21.077Z",
    "user": 1,
    "content_type": 10,
    "object_id": "8",
    "object_repr": "Андрей",
    "action_flag": 1,
    "change_message": "[{\"added\": {}}]"
  }
},
{
  "model": "admin.logentry",
  "pk": 33,
  "fields": {
    "action_time": "2022-12-14T19:03:41.419Z",
    "user": 1,
    "content_type": 10,
    "object_id": "9",
    "object_repr": "Андрей",
    "action_flag": 1,
    "change_message": "[{\"added\": {}}]"
  }
},
{
  "model": "admin.logentry",
  "pk": 34,
  "fields": {
    "action_time": "2022-12-14T19:03:59.833Z",
    "user": 1,
    "content_type": 10,
    "object_id": "10",
    "object_repr": "Андрей",
    "action_flag": 1,
    "change_message": "[{\"added\": {}}]"
  }
},
{
  "model": "admin.logentry",
  "pk": 35,
  "fields": {
    "action_time": "2022-12-14T19:04:37.412Z",
    "user": 1,
    "content_type": 10,
    "object_id": "11",
    "object_repr": "Елена",
    "action_flag": 1,
    "change_message": "[{\"added\": {}}]"
  }
},
{
  "model": "admin.logentry",
  "pk": 36,
  "fields": {
    "action_time": "2022-12-14T19:05:02.533Z",
    "user": 1,
    "content_type": 10,
    "object_id": "12",
    "object_repr": "Елена",
    "action_flag": 1,
    "change_message": "[{\"added\": {}}]"
  }
},
{
  "model": "admin.logentry",
  "pk": 37,
  "fields": {
    "action_time": "2022-12-14T19:05:38.990Z",
    "user": 1,
    "content_type": 10,
    "object_id": "13",
    "object_repr": "Калина",
    "action_flag": 1,
    "change_message": "[{\"added\": {}}]"
  }
},
{
  "model": "admin.logentry",
  "pk": 38,
  "fields": {
    "action_time": "2022-12-14T19:06:07.441Z",
    "user": 1,
    "content_type": 10,
    "object_id": "14",
    "object_repr": "Калина",
    "action_flag": 1,
    "change_message": "[{\"added\": {}}]"
  }
},
{
  "model": "admin.logentry",
  "pk": 39,
  "fields": {
    "action_time": "2022-12-14T19:26:05.592Z",
    "user": 1,
    "content_type": 10,
    "object_id": "2",
    "object_repr": "Юля",
    "action_flag": 2,
    "change_message": "[{\"changed\": {\"fields\": [\"\\u0410\\u0432\\u0430\\u0442\\u0430\\u0440\\u043a\\u0430\"]}}]"
  }
},
{
  "model": "admin.logentry",
  "pk": 40,
  "fields": {
    "action_time": "2022-12-14T19:26:15.239Z",
    "user": 1,
    "content_type": 10,
    "object_id": "3",
    "object_repr": "Юля",
    "action_flag": 2,
    "change_message": "[{\"changed\": {\"fields\": [\"\\u0410\\u0432\\u0430\\u0442\\u0430\\u0440\\u043a\\u0430\"]}}]"
  }
},
{
  "model": "admin.logentry",
  "pk": 41,
  "fields": {
    "action_time": "2022-12-14T19:26:57.024Z",
    "user": 1,
    "content_type": 10,
    "object_id": "2",
    "object_repr": "Юля",
    "action_flag": 2,
    "change_message": "[{\"changed\": {\"fields\": [\"\\u0410\\u0432\\u0430\\u0442\\u0430\\u0440\\u043a\\u0430\"]}}]"
  }
},
{
  "model": "admin.logentry",
  "pk": 42,
  "fields": {
    "action_time": "2022-12-14T19:27:18.597Z",
    "user": 1,
    "content_type": 10,
    "object_id": "3",
    "object_repr": "Юля",
    "action_flag": 2,
    "change_message": "[{\"changed\": {\"fields\": [\"\\u0410\\u0432\\u0430\\u0442\\u0430\\u0440\\u043a\\u0430\"]}}]"
  }
},
{
  "model": "admin.logentry",
  "pk": 43,
  "fields": {
    "action_time": "2022-12-14T19:27:31.395Z",
    "user": 1,
    "content_type": 10,
    "object_id": "4",
    "object_repr": "Кира",
    "action_flag": 2,
    "change_message": "[{\"changed\": {\"fields\": [\"\\u0410\\u0432\\u0430\\u0442\\u0430\\u0440\\u043a\\u0430\"]}}]"
  }
},
{
  "model": "admin.logentry",
  "pk": 44,
  "fields": {
    "action_time": "2022-12-14T19:32:26.924Z",
    "user": 1,
    "content_type": 10,
    "object_id": "11",
    "object_repr": "Елена",
    "action_flag": 2,
    "change_message": "[{\"changed\": {\"fields\": [\"\\u0410\\u0432\\u0430\\u0442\\u0430\\u0440\\u043a\\u0430\"]}}]"
  }
},
{
  "model": "admin.logentry",
  "pk": 45,
  "fields": {
    "action_time": "2022-12-15T19:05:09.420Z",
    "user": 1,
    "content_type": 12,
    "object_id": "1",
    "object_repr": "2022-12-15:22:04:58-Анджелина-Окрашивание волос",
    "action_flag": 1,
    "change_message": "[{\"added\": {}}]"
  }
},
{
  "model": "admin.logentry",
  "pk": 46,
  "fields": {
    "action_time": "2022-12-16T03:11:56.417Z",
    "user": 1,
    "content_type": 12,
    "object_id": "2",
    "object_repr": "2022-12-16:06:11:53-Анджелина-Маникюр. Классический",
    "action_flag": 1,
    "change_message": "[{\"added\": {}}]"
  }
},
{
  "model": "admin.logentry",
  "pk": 47,
  "fields": {
    "action_time": "2022-12-16T03:12:15.600Z",
    "user": 1,
    "content_type": 12,
    "object_id": "3",
    "object_repr": "2022-12-16:06:12:13-Анджелина-Укладка волос",
    "action_flag": 1,
    "change_message": "[{\"added\": {}}]"
  }
},
{
  "model": "admin.logentry",
  "pk": 48,
  "fields": {
    "action_time": "2022-12-16T03:12:38.371Z",
    "user": 1,
    "content_type": 12,
    "object_id": "4",
    "object_repr": "2022-12-16:06:12:34-Сара-Джесика-Свадебный макияж",
    "action_flag": 1,
    "change_message": "[{\"added\": {}}]"
  }
},
{
  "model": "admin.logentry",
  "pk": 49,
  "fields": {
    "action_time": "2022-12-16T04:42:01.599Z",
    "user": 1,
    "content_type": 12,
    "object_id": "5",
    "object_repr": "2022-12-17:07:42:00-Анджелина-Педикюр",
    "action_flag": 1,
    "change_message": "[{\"added\": {}}]"
  }
},
{
  "model": "admin.logentry",
  "pk": 50,
  "fields": {
    "action_time": "2022-12-16T07:28:56.435Z",
    "user": 1,
    "content_type": 11,
    "object_id": "6",
    "object_repr": "%2B79234566332",
    "action_flag": 3,
    "change_message": ""
  }
},
{
  "model": "admin.logentry",
  "pk": 51,
  "fields": {
    "action_time": "2022-12-16T10:07:20.194Z",
    "user": 1,
    "content_type": 7,
    "object_id": "3",
    "object_repr": "BeautyCity Красная",
    "action_flag": 2,
    "change_message": "[{\"changed\": {\"fields\": [\"\\u0410\\u0432\\u0430\\u0442\\u0430\\u0440\\u043a\\u0430 \\u0441\\u0430\\u043b\\u043e\\u043d\\u0430\"]}}]"
  }
},
{
  "model": "admin.logentry",
  "pk": 52,
  "fields": {
    "action_time": "2022-12-16T10:07:28.189Z",
    "user": 1,
    "content_type": 7,
    "object_id": "2",
    "object_repr": "BeautyCity Ленина",
    "action_flag": 2,
    "change_message": "[{\"changed\": {\"fields\": [\"\\u0410\\u0432\\u0430\\u0442\\u0430\\u0440\\u043a\\u0430 \\u0441\\u0430\\u043b\\u043e\\u043d\\u0430\"]}}]"
  }
},
{
  "model": "admin.logentry",
  "pk": 53,
  "fields": {
    "action_time": "2022-12-16T10:07:38.422Z",
    "user": 1,
    "content_type": 7,
    "object_id": "1",
    "object_repr": "BeautyCity Пушкинская",
    "action_flag": 2,
    "change_message": "[{\"changed\": {\"fields\": [\"\\u0410\\u0432\\u0430\\u0442\\u0430\\u0440\\u043a\\u0430 \\u0441\\u0430\\u043b\\u043e\\u043d\\u0430\"]}}]"
  }
},
{
  "model": "admin.logentry",
  "pk": 54,
  "fields": {
    "action_time": "2022-12-16T10:10:36.892Z",
    "user": 1,
    "content_type": 9,
    "object_id": "8",
    "object_repr": "Вечерний макияж",
    "action_flag": 2,
    "change_message": "[{\"changed\": {\"fields\": [\"\\u0410\\u0432\\u0430\\u0442\\u0430\\u0440\\u043a\\u0430 \\u0441\\u0430\\u043b\\u043e\\u043d\\u0430\"]}}]"
  }
},
{
  "model": "admin.logentry",
  "pk": 55,
  "fields": {
    "action_time": "2022-12-16T10:10:44.815Z",
    "user": 1,
    "content_type": 9,
    "object_id": "7",
    "object_repr": "Свадебный макияж",
    "action_flag": 2,
    "change_message": "[{\"changed\": {\"fields\": [\"\\u0410\\u0432\\u0430\\u0442\\u0430\\u0440\\u043a\\u0430 \\u0441\\u0430\\u043b\\u043e\\u043d\\u0430\"]}}]"
  }
},
{
  "model": "admin.logentry",
  "pk": 56,
  "fields": {
    "action_time": "2022-12-16T10:10:54.679Z",
    "user": 1,
    "content_type": 9,
    "object_id": "6",
    "object_repr": "Дневной макияж",
    "action_flag": 2,
    "change_message": "[{\"changed\": {\"fields\": [\"\\u0410\\u0432\\u0430\\u0442\\u0430\\u0440\\u043a\\u0430 \\u0441\\u0430\\u043b\\u043e\\u043d\\u0430\"]}}]"
  }
},
{
  "model": "admin.logentry",
  "pk": 57,
  "fields": {
    "action_time": "2022-12-16T10:12:20.496Z",
    "user": 1,
    "content_type": 9,
    "object_id": "5",
    "object_repr": "Наращивание ногтей",
    "action_flag": 2,
    "change_message": "[{\"changed\": {\"fields\": [\"\\u0410\\u0432\\u0430\\u0442\\u0430\\u0440\\u043a\\u0430 \\u0441\\u0430\\u043b\\u043e\\u043d\\u0430\"]}}]"
  }
},
{
  "model": "admin.logentry",
  "pk": 58,
  "fields": {
    "action_time": "2022-12-16T10:12:30.072Z",
    "user": 1,
    "content_type": 9,
    "object_id": "4",
    "object_repr": "Педикюр",
    "action_flag": 2,
    "change_message": "[{\"changed\": {\"fields\": [\"\\u0410\\u0432\\u0430\\u0442\\u0430\\u0440\\u043a\\u0430 \\u0441\\u0430\\u043b\\u043e\\u043d\\u0430\"]}}]"
  }
},
{
  "model": "admin.logentry",
  "pk": 59,
  "fields": {
    "action_time": "2022-12-16T10:12:41.054Z",
    "user": 1,
    "content_type": 9,
    "object_id": "3",
    "object_repr": "Маникюр. Классический",
    "action_flag": 2,
    "change_message": "[{\"changed\": {\"fields\": [\"\\u0410\\u0432\\u0430\\u0442\\u0430\\u0440\\u043a\\u0430 \\u0441\\u0430\\u043b\\u043e\\u043d\\u0430\"]}}]"
  }
},
{
  "model": "admin.logentry",
  "pk": 60,
  "fields": {
    "action_time": "2022-12-16T10:12:53.489Z",
    "user": 1,
    "content_type": 9,
    "object_id": "2",
    "object_repr": "Укладка волос",
    "action_flag": 2,
    "change_message": "[{\"changed\": {\"fields\": [\"\\u0410\\u0432\\u0430\\u0442\\u0430\\u0440\\u043a\\u0430 \\u0441\\u0430\\u043b\\u043e\\u043d\\u0430\"]}}]"
  }
},
{
  "model": "admin.logentry",
  "pk": 61,
  "fields": {
    "action_time": "2022-12-16T10:13:05.354Z",
    "user": 1,
    "content_type": 9,
    "object_id": "1",
    "object_repr": "Окрашивание волос",
    "action_flag": 2,
    "change_message": "[{\"changed\": {\"fields\": [\"\\u0410\\u0432\\u0430\\u0442\\u0430\\u0440\\u043a\\u0430 \\u0441\\u0430\\u043b\\u043e\\u043d\\u0430\"]}}]"
  }
},
{
  "model": "admin.logentry",
  "pk": 62,
  "fields": {
    "action_time": "2022-12-16T11:24:29.059Z",
    "user": 1,
    "content_type": 14,
    "object_id": "1",
    "object_repr": "+79336577474:Отличное место для красоты, очень доброжелательный и отзывчивый персонал, девочки заботливые, аккуратные и большие профессионалы. Посещаю салон с самого начала, но он не теряет своей прив",
    "action_flag": 1,
    "change_message": "[{\"added\": {}}]"
  }
},
{
  "model": "admin.logentry",
  "pk": 63,
  "fields": {
    "action_time": "2022-12-16T11:27:46.621Z",
    "user": 1,
    "content_type": 14,
    "object_id": "2",
    "object_repr": "+79883455663:Мне всё лень было отзыв писать, но вот \"руки дошли\". Несколько раз здесь стриглась, мастера звали, кажется, Катя. Все было отлично, приятная молодая женщина и по стрижке вопросов не было)",
    "action_flag": 1,
    "change_message": "[{\"added\": {}}]"
  }
},
{
  "model": "admin.logentry",
  "pk": 64,
  "fields": {
    "action_time": "2022-12-16T11:28:24.623Z",
    "user": 1,
    "content_type": 14,
    "object_id": "3",
    "object_repr": "+79883455663:Мне всё лень было отзыв писать, но вот \"руки дошли\". Несколько раз здесь стриглась, мастера звали, кажется, Катя. Все было отлично, приятная молодая женщина и по стрижке вопросов не было)",
    "action_flag": 1,
    "change_message": "[{\"added\": {}}]"
  }
},
{
  "model": "admin.logentry",
  "pk": 65,
  "fields": {
    "action_time": "2022-12-16T11:38:41.023Z",
    "user": 1,
    "content_type": 14,
    "object_id": "2",
    "object_repr": "+79883455663:Делала процедуру микротоки у мастера Светланы . Светлана внимательная, приветливая, ненавязчивая. Рекомендую и мастера, и процедуру. Еще делала бровки у Татьяны , я в восторге , брови про",
    "action_flag": 2,
    "change_message": "[{\"changed\": {\"fields\": [\"\\u0422\\u0435\\u043a\\u0441\\u0442 \\u043e\\u0442\\u0437\\u044b\\u0432\\u0430\"]}}]"
  }
},
{
  "model": "admin.logentry",
  "pk": 66,
  "fields": {
    "action_time": "2022-12-16T12:55:00.228Z",
    "user": 1,
    "content_type": 15,
    "object_id": "1",
    "object_repr": "privacy_polite",
    "action_flag": 1,
    "change_message": "[{\"added\": {}}]"
  }
},
{
  "model": "admin.logentry",
  "pk": 67,
  "fields": {
    "action_time": "2022-12-16T13:00:02.192Z",
    "user": 1,
    "content_type": 9,
    "object_id": "8",
    "object_repr": "Вечерний макияж",
    "action_flag": 2,
    "change_message": "[{\"changed\": {\"fields\": [\"\\u0410\\u0432\\u0430\\u0442\\u0430\\u0440\\u043a\\u0430 \\u0441\\u0430\\u043b\\u043e\\u043d\\u0430\"]}}]"
  }
},
{
  "model": "admin.logentry",
  "pk": 68,
  "fields": {
    "action_time": "2022-12-16T13:01:04.592Z",
    "user": 1,
    "content_type": 9,
    "object_id": "7",
    "object_repr": "Свадебный макияж",
    "action_flag": 2,
    "change_message": "[{\"changed\": {\"fields\": [\"\\u0410\\u0432\\u0430\\u0442\\u0430\\u0440\\u043a\\u0430 \\u0441\\u0430\\u043b\\u043e\\u043d\\u0430\"]}}]"
  }
},
{
  "model": "admin.logentry",
  "pk": 69,
  "fields": {
    "action_time": "2022-12-16T13:01:11.704Z",
    "user": 1,
    "content_type": 9,
    "object_id": "8",
    "object_repr": "Вечерний макияж",
    "action_flag": 2,
    "change_message": "[{\"changed\": {\"fields\": [\"\\u0410\\u0432\\u0430\\u0442\\u0430\\u0440\\u043a\\u0430 \\u0441\\u0430\\u043b\\u043e\\u043d\\u0430\"]}}]"
  }
},
{
  "model": "admin.logentry",
  "pk": 70,
  "fields": {
    "action_time": "2022-12-16T13:01:23.946Z",
    "user": 1,
    "content_type": 9,
    "object_id": "6",
    "object_repr": "Дневной макияж",
    "action_flag": 2,
    "change_message": "[{\"changed\": {\"fields\": [\"\\u0410\\u0432\\u0430\\u0442\\u0430\\u0440\\u043a\\u0430 \\u0441\\u0430\\u043b\\u043e\\u043d\\u0430\"]}}]"
  }
},
{
  "model": "admin.logentry",
  "pk": 71,
  "fields": {
    "action_time": "2022-12-16T13:01:33.293Z",
    "user": 1,
    "content_type": 9,
    "object_id": "5",
    "object_repr": "Наращивание ногтей",
    "action_flag": 2,
    "change_message": "[{\"changed\": {\"fields\": [\"\\u0410\\u0432\\u0430\\u0442\\u0430\\u0440\\u043a\\u0430 \\u0441\\u0430\\u043b\\u043e\\u043d\\u0430\"]}}]"
  }
},
{
  "model": "admin.logentry",
  "pk": 72,
  "fields": {
    "action_time": "2022-12-16T13:01:42.173Z",
    "user": 1,
    "content_type": 9,
    "object_id": "4",
    "object_repr": "Педикюр",
    "action_flag": 2,
    "change_message": "[{\"changed\": {\"fields\": [\"\\u0410\\u0432\\u0430\\u0442\\u0430\\u0440\\u043a\\u0430 \\u0441\\u0430\\u043b\\u043e\\u043d\\u0430\"]}}]"
  }
},
{
  "model": "admin.logentry",
  "pk": 73,
  "fields": {
    "action_time": "2022-12-16T13:01:50.621Z",
    "user": 1,
    "content_type": 9,
    "object_id": "3",
    "object_repr": "Маникюр. Классический",
    "action_flag": 2,
    "change_message": "[{\"changed\": {\"fields\": [\"\\u0410\\u0432\\u0430\\u0442\\u0430\\u0440\\u043a\\u0430 \\u0441\\u0430\\u043b\\u043e\\u043d\\u0430\"]}}]"
  }
},
{
  "model": "admin.logentry",
  "pk": 74,
  "fields": {
    "action_time": "2022-12-16T13:02:05.298Z",
    "user": 1,
    "content_type": 9,
    "object_id": "2",
    "object_repr": "Укладка волос",
    "action_flag": 2,
    "change_message": "[{\"changed\": {\"fields\": [\"\\u0410\\u0432\\u0430\\u0442\\u0430\\u0440\\u043a\\u0430 \\u0441\\u0430\\u043b\\u043e\\u043d\\u0430\"]}}]"
  }
},
{
  "model": "admin.logentry",
  "pk": 75,
  "fields": {
    "action_time": "2022-12-16T13:02:12.820Z",
    "user": 1,
    "content_type": 9,
    "object_id": "1",
    "object_repr": "Окрашивание волос",
    "action_flag": 2,
    "change_message": "[{\"changed\": {\"fields\": [\"\\u0410\\u0432\\u0430\\u0442\\u0430\\u0440\\u043a\\u0430 \\u0441\\u0430\\u043b\\u043e\\u043d\\u0430\"]}}]"
  }
},
{
  "model": "admin.logentry",
  "pk": 76,
  "fields": {
    "action_time": "2022-12-16T13:16:19.757Z",
    "user": 1,
    "content_type": 9,
    "object_id": "8",
    "object_repr": "Вечерний макияж",
    "action_flag": 2,
    "change_message": "[{\"changed\": {\"fields\": [\"\\u0410\\u0432\\u0430\\u0442\\u0430\\u0440\\u043a\\u0430 \\u0441\\u0430\\u043b\\u043e\\u043d\\u0430\"]}}]"
  }
},
{
  "model": "admin.logentry",
  "pk": 77,
  "fields": {
    "action_time": "2022-12-16T13:16:27.865Z",
    "user": 1,
    "content_type": 9,
    "object_id": "7",
    "object_repr": "Свадебный макияж",
    "action_flag": 2,
    "change_message": "[{\"changed\": {\"fields\": [\"\\u0410\\u0432\\u0430\\u0442\\u0430\\u0440\\u043a\\u0430 \\u0441\\u0430\\u043b\\u043e\\u043d\\u0430\"]}}]"
  }
},
{
  "model": "admin.logentry",
  "pk": 78,
  "fields": {
    "action_time": "2022-12-16T13:16:41.592Z",
    "user": 1,
    "content_type": 9,
    "object_id": "6",
    "object_repr": "Дневной макияж",
    "action_flag": 2,
    "change_message": "[{\"changed\": {\"fields\": [\"\\u0410\\u0432\\u0430\\u0442\\u0430\\u0440\\u043a\\u0430 \\u0441\\u0430\\u043b\\u043e\\u043d\\u0430\"]}}]"
  }
},
{
  "model": "admin.logentry",
  "pk": 79,
  "fields": {
    "action_time": "2022-12-16T13:16:50.644Z",
    "user": 1,
    "content_type": 9,
    "object_id": "5",
    "object_repr": "Наращивание ногтей",
    "action_flag": 2,
    "change_message": "[{\"changed\": {\"fields\": [\"\\u0410\\u0432\\u0430\\u0442\\u0430\\u0440\\u043a\\u0430 \\u0441\\u0430\\u043b\\u043e\\u043d\\u0430\"]}}]"
  }
},
{
  "model": "admin.logentry",
  "pk": 80,
  "fields": {
    "action_time": "2022-12-16T13:17:00.566Z",
    "user": 1,
    "content_type": 9,
    "object_id": "4",
    "object_repr": "Педикюр",
    "action_flag": 2,
    "change_message": "[{\"changed\": {\"fields\": [\"\\u0410\\u0432\\u0430\\u0442\\u0430\\u0440\\u043a\\u0430 \\u0441\\u0430\\u043b\\u043e\\u043d\\u0430\"]}}]"
  }
},
{
  "model": "admin.logentry",
  "pk": 81,
  "fields": {
    "action_time": "2022-12-16T13:17:09.551Z",
    "user": 1,
    "content_type": 9,
    "object_id": "3",
    "object_repr": "Маникюр. Классический",
    "action_flag": 2,
    "change_message": "[{\"changed\": {\"fields\": [\"\\u0410\\u0432\\u0430\\u0442\\u0430\\u0440\\u043a\\u0430 \\u0441\\u0430\\u043b\\u043e\\u043d\\u0430\"]}}]"
  }
},
{
  "model": "admin.logentry",
  "pk": 82,
  "fields": {
    "action_time": "2022-12-16T13:17:18.391Z",
    "user": 1,
    "content_type": 9,
    "object_id": "2",
    "object_repr": "Укладка волос",
    "action_flag": 2,
    "change_message": "[{\"changed\": {\"fields\": [\"\\u0410\\u0432\\u0430\\u0442\\u0430\\u0440\\u043a\\u0430 \\u0441\\u0430\\u043b\\u043e\\u043d\\u0430\"]}}]"
  }
},
{
  "model": "admin.logentry",
  "pk": 83,
  "fields": {
    "action_time": "2022-12-16T13:17:27.088Z",
    "user": 1,
    "content_type": 9,
    "object_id": "1",
    "object_repr": "Окрашивание волос",
    "action_flag": 2,
    "change_message": "[{\"changed\": {\"fields\": [\"\\u0410\\u0432\\u0430\\u0442\\u0430\\u0440\\u043a\\u0430 \\u0441\\u0430\\u043b\\u043e\\u043d\\u0430\"]}}]"
  }
},
{
  "model": "admin.logentry",
  "pk": 84,
  "fields": {
    "action_time": "2022-12-16T13:21:21.986Z",
    "user": 1,
    "content_type": 11,
    "object_id": "7",
    "object_repr": "%2B79234566332",
    "action_flag": 3,
    "change_message": ""
  }
},
{
  "model": "admin.logentry",
  "pk": 85,
  "fields": {
    "action_time": "2022-12-16T13:21:35.736Z",
    "user": 1,
    "content_type": 11,
    "object_id": "8",
    "object_repr": "+7 (792) 345-66-33",
    "action_flag": 3,
    "change_message": ""
  }
},
{
  "model": "admin.logentry",
  "pk": 86,
  "fields": {
    "action_time": "2022-12-16T13:22:25.203Z",
    "user": 1,
    "content_type": 11,
    "object_id": "9",
    "object_repr": "+7 (792) 345-66-33",
    "action_flag": 3,
    "change_message": ""
  }
},
{
  "model": "admin.logentry",
  "pk": 87,
  "fields": {
    "action_time": "2022-12-17T08:42:52.350Z",
    "user": 1,
    "content_type": 13,
    "object_id": "5",
    "object_repr": "+79234566332-BeautyCity Пушкинская",
    "action_flag": 2,
    "change_message": "[{\"changed\": {\"fields\": [\"\\u0414\\u0430\\u0442\\u0430 \\u0437\\u0430\\u043f\\u0438\\u0441\\u0438\"]}}]"
  }
},
{
  "model": "admin.logentry",
  "pk": 88,
  "fields": {
    "action_time": "2022-12-17T08:43:12.775Z",
    "user": 1,
    "content_type": 13,
    "object_id": "4",
    "object_repr": "+79336577474-BeautyCity Красная",
    "action_flag": 2,
    "change_message": "[]"
  }
},
{
  "model": "admin.logentry",
  "pk": 89,
  "fields": {
    "action_time": "2022-12-17T08:43:21.392Z",
    "user": 1,
    "content_type": 13,
    "object_id": "3",
    "object_repr": "+79234566332-BeautyCity Пушкинская",
    "action_flag": 2,
    "change_message": "[]"
  }
},
{
  "model": "admin.logentry",
  "pk": 90,
  "fields": {
    "action_time": "2022-12-17T08:43:28.962Z",
    "user": 1,
    "content_type": 13,
    "object_id": "2",
    "object_repr": "+79234566332-BeautyCity Ленина",
    "action_flag": 2,
    "change_message": "[{\"changed\": {\"fields\": [\"\\u0414\\u0430\\u0442\\u0430 \\u0437\\u0430\\u043f\\u0438\\u0441\\u0438\"]}}]"
  }
},
{
  "model": "admin.logentry",
  "pk": 91,
  "fields": {
    "action_time": "2022-12-17T08:43:39.309Z",
    "user": 1,
    "content_type": 13,
    "object_id": "1",
    "object_repr": "+79234566332-BeautyCity Ленина",
    "action_flag": 2,
    "change_message": "[{\"changed\": {\"fields\": [\"\\u0414\\u0430\\u0442\\u0430 \\u0437\\u0430\\u043f\\u0438\\u0441\\u0438\"]}}]"
  }
},
{
  "model": "admin.logentry",
  "pk": 92,
  "fields": {
    "action_time": "2022-12-17T09:29:39.837Z",
    "user": 1,
    "content_type": 13,
    "object_id": "5",
    "object_repr": "+79234566332-BeautyCity Пушкинская",
    "action_flag": 2,
    "change_message": "[{\"changed\": {\"fields\": [\"\\u0414\\u0430\\u0442\\u0430 \\u0437\\u0430\\u043f\\u0438\\u0441\\u0438\"]}}]"
  }
},
{
  "model": "admin.logentry",
  "pk": 93,
  "fields": {
    "action_time": "2022-12-17T09:29:52.369Z",
    "user": 1,
    "content_type": 13,
    "object_id": "2",
    "object_repr": "+79234566332-BeautyCity Ленина",
    "action_flag": 2,
    "change_message": "[]"
  }
},
{
  "model": "admin.logentry",
  "pk": 94,
  "fields": {
    "action_time": "2022-12-17T09:30:06.485Z",
    "user": 1,
    "content_type": 13,
    "object_id": "1",
    "object_repr": "+79234566332-BeautyCity Ленина",
    "action_flag": 2,
    "change_message": "[{\"changed\": {\"fields\": [\"\\u0414\\u0430\\u0442\\u0430 \\u0437\\u0430\\u043f\\u0438\\u0441\\u0438\"]}}]"
  }
},
{
  "model": "admin.logentry",
  "pk": 95,
  "fields": {
    "action_time": "2022-12-17T10:19:41.677Z",
    "user": 1,
    "content_type": 13,
    "object_id": "4",
    "object_repr": "+79336577474-BeautyCity Красная",
    "action_flag": 2,
    "change_message": "[{\"changed\": {\"fields\": [\"\\u0414\\u0430\\u0442\\u0430 \\u0437\\u0430\\u043f\\u0438\\u0441\\u0438\"]}}]"
  }
},
{
  "model": "admin.logentry",
  "pk": 96,
  "fields": {
    "action_time": "2022-12-17T10:20:07.540Z",
    "user": 1,
    "content_type": 13,
    "object_id": "4",
    "object_repr": "+79336577474-BeautyCity Красная",
    "action_flag": 2,
    "change_message": "[{\"changed\": {\"fields\": [\"\\u0421\\u043e\\u0437\\u0434\\u0430\\u043d \\u0432\"]}}]"
  }
},
{
  "model": "admin.logentry",
  "pk": 97,
  "fields": {
    "action_time": "2022-12-17T10:21:55.255Z",
    "user": 1,
    "content_type": 13,
    "object_id": "4",
    "object_repr": "+79336577474-BeautyCity Красная",
    "action_flag": 2,
    "change_message": "[]"
  }
},
{
  "model": "admin.logentry",
  "pk": 98,
  "fields": {
    "action_time": "2022-12-17T10:22:18.860Z",
    "user": 1,
    "content_type": 13,
    "object_id": "4",
    "object_repr": "+79336577474-BeautyCity Красная",
    "action_flag": 2,
    "change_message": "[]"
  }
},
{
  "model": "admin.logentry",
  "pk": 99,
  "fields": {
    "action_time": "2022-12-17T10:22:26.504Z",
    "user": 1,
    "content_type": 13,
    "object_id": "5",
    "object_repr": "+79234566332-BeautyCity Пушкинская",
    "action_flag": 2,
    "change_message": "[]"
  }
},
{
  "model": "admin.logentry",
  "pk": 100,
  "fields": {
    "action_time": "2022-12-17T10:22:48.173Z",
    "user": 1,
    "content_type": 13,
    "object_id": "4",
    "object_repr": "+79336577474-BeautyCity Красная",
    "action_flag": 2,
    "change_message": "[{\"changed\": {\"fields\": [\"\\u0421\\u043e\\u0437\\u0434\\u0430\\u043d \\u0432\"]}}]"
  }
},
{
  "model": "admin.logentry",
  "pk": 101,
  "fields": {
    "action_time": "2022-12-17T10:23:16.163Z",
    "user": 1,
    "content_type": 13,
    "object_id": "1",
    "object_repr": "+79234566332-BeautyCity Ленина",
    "action_flag": 2,
    "change_message": "[]"
  }
},
{
  "model": "admin.logentry",
  "pk": 102,
  "fields": {
    "action_time": "2022-12-17T10:24:28.858Z",
    "user": 1,
    "content_type": 13,
    "object_id": "1",
    "object_repr": "+79234566332-BeautyCity Ленина",
    "action_flag": 2,
    "change_message": "[{\"changed\": {\"fields\": [\"\\u0414\\u0430\\u0442\\u0430 \\u0437\\u0430\\u043f\\u0438\\u0441\\u0438\"]}}]"
  }
},
{
  "model": "admin.logentry",
  "pk": 103,
  "fields": {
    "action_time": "2022-12-17T10:52:25.198Z",
    "user": 1,
    "content_type": 13,
    "object_id": "3",
    "object_repr": "+79234566332-BeautyCity Пушкинская",
    "action_flag": 2,
    "change_message": "[{\"changed\": {\"fields\": [\"\\u041e\\u043f\\u043b\\u0430\\u0442\\u0430\"]}}]"
  }
},
{
  "model": "admin.logentry",
  "pk": 104,
  "fields": {
    "action_time": "2022-12-17T10:53:28.633Z",
    "user": 1,
    "content_type": 13,
    "object_id": "5",
    "object_repr": "+79234566332-BeautyCity Пушкинская",
    "action_flag": 2,
    "change_message": "[{\"changed\": {\"fields\": [\"\\u041e\\u043f\\u043b\\u0430\\u0442\\u0430\"]}}]"
  }
},
{
  "model": "auth.permission",
  "pk": 1,
  "fields": {
    "name": "Can add log entry",
    "content_type": 1,
    "codename": "add_logentry"
  }
},
{
  "model": "auth.permission",
  "pk": 2,
  "fields": {
    "name": "Can change log entry",
    "content_type": 1,
    "codename": "change_logentry"
  }
},
{
  "model": "auth.permission",
  "pk": 3,
  "fields": {
    "name": "Can delete log entry",
    "content_type": 1,
    "codename": "delete_logentry"
  }
},
{
  "model": "auth.permission",
  "pk": 4,
  "fields": {
    "name": "Can view log entry",
    "content_type": 1,
    "codename": "view_logentry"
  }
},
{
  "model": "auth.permission",
  "pk": 5,
  "fields": {
    "name": "Can add permission",
    "content_type": 2,
    "codename": "add_permission"
  }
},
{
  "model": "auth.permission",
  "pk": 6,
  "fields": {
    "name": "Can change permission",
    "content_type": 2,
    "codename": "change_permission"
  }
},
{
  "model": "auth.permission",
  "pk": 7,
  "fields": {
    "name": "Can delete permission",
    "content_type": 2,
    "codename": "delete_permission"
  }
},
{
  "model": "auth.permission",
  "pk": 8,
  "fields": {
    "name": "Can view permission",
    "content_type": 2,
    "codename": "view_permission"
  }
},
{
  "model": "auth.permission",
  "pk": 9,
  "fields": {
    "name": "Can add group",
    "content_type": 3,
    "codename": "add_group"
  }
},
{
  "model": "auth.permission",
  "pk": 10,
  "fields": {
    "name": "Can change group",
    "content_type": 3,
    "codename": "change_group"
  }
},
{
  "model": "auth.permission",
  "pk": 11,
  "fields": {
    "name": "Can delete group",
    "content_type": 3,
    "codename": "delete_group"
  }
},
{
  "model": "auth.permission",
  "pk": 12,
  "fields": {
    "name": "Can view group",
    "content_type": 3,
    "codename": "view_group"
  }
},
{
  "model": "auth.permission",
  "pk": 13,
  "fields": {
    "name": "Can add user",
    "content_type": 4,
    "codename": "add_user"
  }
},
{
  "model": "auth.permission",
  "pk": 14,
  "fields": {
    "name": "Can change user",
    "content_type": 4,
    "codename": "change_user"
  }
},
{
  "model": "auth.permission",
  "pk": 15,
  "fields": {
    "name": "Can delete user",
    "content_type": 4,
    "codename": "delete_user"
  }
},
{
  "model": "auth.permission",
  "pk": 16,
  "fields": {
    "name": "Can view user",
    "content_type": 4,
    "codename": "view_user"
  }
},
{
  "model": "auth.permission",
  "pk": 17,
  "fields": {
    "name": "Can add content type",
    "content_type": 5,
    "codename": "add_contenttype"
  }
},
{
  "model": "auth.permission",
  "pk": 18,
  "fields": {
    "name": "Can change content type",
    "content_type": 5,
    "codename": "change_contenttype"
  }
},
{
  "model": "auth.permission",
  "pk": 19,
  "fields": {
    "name": "Can delete content type",
    "content_type": 5,
    "codename": "delete_contenttype"
  }
},
{
  "model": "auth.permission",
  "pk": 20,
  "fields": {
    "name": "Can view content type",
    "content_type": 5,
    "codename": "view_contenttype"
  }
},
{
  "model": "auth.permission",
  "pk": 21,
  "fields": {
    "name": "Can add session",
    "content_type": 6,
    "codename": "add_session"
  }
},
{
  "model": "auth.permission",
  "pk": 22,
  "fields": {
    "name": "Can change session",
    "content_type": 6,
    "codename": "change_session"
  }
},
{
  "model": "auth.permission",
  "pk": 23,
  "fields": {
    "name": "Can delete session",
    "content_type": 6,
    "codename": "delete_session"
  }
},
{
  "model": "auth.permission",
  "pk": 24,
  "fields": {
    "name": "Can view session",
    "content_type": 6,
    "codename": "view_session"
  }
},
{
  "model": "auth.permission",
  "pk": 25,
  "fields": {
    "name": "Can add Салон",
    "content_type": 7,
    "codename": "add_salon"
  }
},
{
  "model": "auth.permission",
  "pk": 26,
  "fields": {
    "name": "Can change Салон",
    "content_type": 7,
    "codename": "change_salon"
  }
},
{
  "model": "auth.permission",
  "pk": 27,
  "fields": {
    "name": "Can delete Салон",
    "content_type": 7,
    "codename": "delete_salon"
  }
},
{
  "model": "auth.permission",
  "pk": 28,
  "fields": {
    "name": "Can view Салон",
    "content_type": 7,
    "codename": "view_salon"
  }
},
{
  "model": "auth.permission",
  "pk": 29,
  "fields": {
    "name": "Can add Категория услуги",
    "content_type": 8,
    "codename": "add_servicecategory"
  }
},
{
  "model": "auth.permission",
  "pk": 30,
  "fields": {
    "name": "Can change Категория услуги",
    "content_type": 8,
    "codename": "change_servicecategory"
  }
},
{
  "model": "auth.permission",
  "pk": 31,
  "fields": {
    "name": "Can delete Категория услуги",
    "content_type": 8,
    "codename": "delete_servicecategory"
  }
},
{
  "model": "auth.permission",
  "pk": 32,
  "fields": {
    "name": "Can view Категория услуги",
    "content_type": 8,
    "codename": "view_servicecategory"
  }
},
{
  "model": "auth.permission",
  "pk": 33,
  "fields": {
    "name": "Can add Услуга",
    "content_type": 9,
    "codename": "add_service"
  }
},
{
  "model": "auth.permission",
  "pk": 34,
  "fields": {
    "name": "Can change Услуга",
    "content_type": 9,
    "codename": "change_service"
  }
},
{
  "model": "auth.permission",
  "pk": 35,
  "fields": {
    "name": "Can delete Услуга",
    "content_type": 9,
    "codename": "delete_service"
  }
},
{
  "model": "auth.permission",
  "pk": 36,
  "fields": {
    "name": "Can view Услуга",
    "content_type": 9,
    "codename": "view_service"
  }
},
{
  "model": "auth.permission",
  "pk": 37,
  "fields": {
    "name": "Can add Мастер",
    "content_type": 10,
    "codename": "add_master"
  }
},
{
  "model": "auth.permission",
  "pk": 38,
  "fields": {
    "name": "Can change Мастер",
    "content_type": 10,
    "codename": "change_master"
  }
},
{
  "model": "auth.permission",
  "pk": 39,
  "fields": {
    "name": "Can delete Мастер",
    "content_type": 10,
    "codename": "delete_master"
  }
},
{
  "model": "auth.permission",
  "pk": 40,
  "fields": {
    "name": "Can view Мастер",
    "content_type": 10,
    "codename": "view_master"
  }
},
{
  "model": "auth.permission",
  "pk": 41,
  "fields": {
    "name": "Can add Пользователь",
    "content_type": 11,
    "codename": "add_user"
  }
},
{
  "model": "auth.permission",
  "pk": 42,
  "fields": {
    "name": "Can change Пользователь",
    "content_type": 11,
    "codename": "change_user"
  }
},
{
  "model": "auth.permission",
  "pk": 43,
  "fields": {
    "name": "Can delete Пользователь",
    "content_type": 11,
    "codename": "delete_user"
  }
},
{
  "model": "auth.permission",
  "pk": 44,
  "fields": {
    "name": "Can view Пользователь",
    "content_type": 11,
    "codename": "view_user"
  }
},
{
  "model": "auth.permission",
  "pk": 45,
  "fields": {
    "name": "Can add Запись",
    "content_type": 12,
    "codename": "add_timeslot"
  }
},
{
  "model": "auth.permission",
  "pk": 46,
  "fields": {
    "name": "Can change Запись",
    "content_type": 12,
    "codename": "change_timeslot"
  }
},
{
  "model": "auth.permission",
  "pk": 47,
  "fields": {
    "name": "Can delete Запись",
    "content_type": 12,
    "codename": "delete_timeslot"
  }
},
{
  "model": "auth.permission",
  "pk": 48,
  "fields": {
    "name": "Can view Запись",
    "content_type": 12,
    "codename": "view_timeslot"
  }
},
{
  "model": "auth.permission",
  "pk": 49,
  "fields": {
    "name": "Can add order",
    "content_type": 13,
    "codename": "add_order"
  }
},
{
  "model": "auth.permission",
  "pk": 50,
  "fields": {
    "name": "Can change order",
    "content_type": 13,
    "codename": "change_order"
  }
},
{
  "model": "auth.permission",
  "pk": 51,
  "fields": {
    "name": "Can delete order",
    "content_type": 13,
    "codename": "delete_order"
  }
},
{
  "model": "auth.permission",
  "pk": 52,
  "fields": {
    "name": "Can view order",
    "content_type": 13,
    "codename": "view_order"
  }
},
{
  "model": "auth.permission",
  "pk": 53,
  "fields": {
    "name": "Can add Комментарий",
    "content_type": 14,
    "codename": "add_comment"
  }
},
{
  "model": "auth.permission",
  "pk": 54,
  "fields": {
    "name": "Can change Комментарий",
    "content_type": 14,
    "codename": "change_comment"
  }
},
{
  "model": "auth.permission",
  "pk": 55,
  "fields": {
    "name": "Can delete Комментарий",
    "content_type": 14,
    "codename": "delete_comment"
  }
},
{
  "model": "auth.permission",
  "pk": 56,
  "fields": {
    "name": "Can view Комментарий",
    "content_type": 14,
    "codename": "view_comment"
  }
},
{
  "model": "auth.permission",
  "pk": 57,
  "fields": {
    "name": "Can add Документ",
    "content_type": 15,
    "codename": "add_document"
  }
},
{
  "model": "auth.permission",
  "pk": 58,
  "fields": {
    "name": "Can change Документ",
    "content_type": 15,
    "codename": "change_document"
  }
},
{
  "model": "auth.permission",
  "pk": 59,
  "fields": {
    "name": "Can delete Документ",
    "content_type": 15,
    "codename": "delete_document"
  }
},
{
  "model": "auth.permission",
  "pk": 60,
  "fields": {
    "name": "Can view Документ",
    "content_type": 15,
    "codename": "view_document"
  }
},
{
  "model": "auth.user",
  "pk": 1,
  "fields": {
    "password": "pbkdf2_sha256$320000$fnnbgF7ZNFbh0qofpgIGSB$xX2tqguM9Osqiaj268wFkkcR1X/6SQaae0OpzBMFN9A=",
    "last_login": "2022-12-16T07:26:51.612Z",
    "is_superuser": true,
    "username": "user",
    "first_name": "",
    "last_name": "",
    "email": "anikeev.maks@rambler.ru",
    "is_staff": true,
    "is_active": true,
    "date_joined": "2022-12-14T18:16:04.011Z",
    "groups": [],
    "user_permissions": []
  }
},
{
  "model": "contenttypes.contenttype",
  "pk": 1,
  "fields": {
    "app_label": "admin",
    "model": "logentry"
  }
},
{
  "model": "contenttypes.contenttype",
  "pk": 2,
  "fields": {
    "app_label": "auth",
    "model": "permission"
  }
},
{
  "model": "contenttypes.contenttype",
  "pk": 3,
  "fields": {
    "app_label": "auth",
    "model": "group"
  }
},
{
  "model": "contenttypes.contenttype",
  "pk": 4,
  "fields": {
    "app_label": "auth",
    "model": "user"
  }
},
{
  "model": "contenttypes.contenttype",
  "pk": 5,
  "fields": {
    "app_label": "contenttypes",
    "model": "contenttype"
  }
},
{
  "model": "contenttypes.contenttype",
  "pk": 6,
  "fields": {
    "app_label": "sessions",
    "model": "session"
  }
},
{
  "model": "contenttypes.contenttype",
  "pk": 7,
  "fields": {
    "app_label": "service",
    "model": "salon"
  }
},
{
  "model": "contenttypes.contenttype",
  "pk": 8,
  "fields": {
    "app_label": "service",
    "model": "servicecategory"
  }
},
{
  "model": "contenttypes.contenttype",
  "pk": 9,
  "fields": {
    "app_label": "service",
    "model": "service"
  }
},
{
  "model": "contenttypes.contenttype",
  "pk": 10,
  "fields": {
    "app_label": "service",
    "model": "master"
  }
},
{
  "model": "contenttypes.contenttype",
  "pk": 11,
  "fields": {
    "app_label": "service",
    "model": "user"
  }
},
{
  "model": "contenttypes.contenttype",
  "pk": 12,
  "fields": {
    "app_label": "service",
    "model": "timeslot"
  }
},
{
  "model": "contenttypes.contenttype",
  "pk": 13,
  "fields": {
    "app_label": "service",
    "model": "order"
  }
},
{
  "model": "contenttypes.contenttype",
  "pk": 14,
  "fields": {
    "app_label": "service",
    "model": "comment"
  }
},
{
  "model": "contenttypes.contenttype",
  "pk": 15,
  "fields": {
    "app_label": "service",
    "model": "document"
  }
},
{
  "model": "sessions.session",
  "pk": "3ukwsbjkrjxn2my1q0xgx85824tax4w9",
  "fields": {
    "session_data": ".eJxVjDsOwjAQBe_iGllr409MSZ8zRLvrNQ6gRIqTCnF3iJQC2jcz76UG3NY6bE2WYczqoow6_W6E_JBpB_mO023WPE_rMpLeFX3Qpvs5y_N6uH8HFVv91tGTR3CdNSVByCBR2DAYLl2Ws4sG2QSmxCmCL4XEdRQpJIvWugBevT_jgDfL:1p5WJH:IRGplaSjJAf2cunLu4w480_t9LqR4NbIEkGkOGer1Xw",
    "expire_date": "2022-12-28T18:16:51.345Z"
  }
},
{
  "model": "sessions.session",
  "pk": "dhocc7syh9tzeqgc2xos0hnxl7vhnpms",
  "fields": {
    "session_data": ".eJxVjDsOwjAQBe_iGlnrz9oOJT1nsNY_HEC2FCcV4u4QKQW0b2bei3na1uq3kRc_J3Zmgp1-t0DxkdsO0p3arfPY27rMge8KP-jg157y83K4fweVRv3WCk1xNhSAAFqqQAKyMxItpILOqlIgoS6EcSI0akrZETjjBEnUVgb2_gDNxzdC:1p5tUx:LVzmLU0LFEDtFaJChIisiFmZLi3PctZARsR4Ro3iwJU",
    "expire_date": "2022-12-29T19:02:27.391Z"
  }
},
{
  "model": "sessions.session",
  "pk": "lmcef7ed8jf0njc4kft7humhn4qwm8z3",
  "fields": {
    "session_data": ".eJxVjDsOwjAQBe_iGllr409MSZ8zRLvrNQ6gRIqTCnF3iJQC2jcz76UG3NY6bE2WYczqoow6_W6E_JBpB_mO023WPE_rMpLeFX3Qpvs5y_N6uH8HFVv91tGTR3CdNSVByCBR2DAYLl2Ws4sG2QSmxCmCL4XEdRQpJIvWugBevT_jgDfL:1p5rMu:J-Ie-qQc_6n6yeJ8UXmmNEQaak2GZUisYMp6_WkYaSE",
    "expire_date": "2022-12-29T16:46:00.663Z"
  }
},
{
  "model": "sessions.session",
  "pk": "p9pld9r22nv9irgau55vltt5dod7y8m8",
  "fields": {
    "session_data": ".eJxVjDsOwjAQBe_iGllr409MSZ8zRLvrNQ6gRIqTCnF3iJQC2jcz76UG3NY6bE2WYczqoow6_W6E_JBpB_mO023WPE_rMpLeFX3Qpvs5y_N6uH8HFVv91tGTR3CdNSVByCBR2DAYLl2Ws4sG2QSmxCmCL4XEdRQpJIvWugBevT_jgDfL:1p5YKT:Ha-Q9hZ8E-nw-nmdYm-N9N1544XAZyH5ZMQ1tUJYJzg",
    "expire_date": "2022-12-28T20:26:13.476Z"
  }
},
{
  "model": "sessions.session",
  "pk": "qipvrjwvjkew45fknkgu7syy2zs3drv0",
  "fields": {
    "session_data": ".eJxVjDsOwjAQBe_iGllr409MSZ8zRLvrNQ6gRIqTCnF3iJQC2jcz76UG3NY6bE2WYczqoow6_W6E_JBpB_mO023WPE_rMpLeFX3Qpvs5y_N6uH8HFVv91tGTR3CdNSVByCBR2DAYLl2Ws4sG2QSmxCmCL4XEdRQpJIvWugBevT_jgDfL:1p5XJv:h4gLxtOeW4VWE4JAGPvPdZOSc_9jmQsHoRWXgQH7buU",
    "expire_date": "2022-12-28T19:21:35.768Z"
  }
},
{
  "model": "sessions.session",
  "pk": "sy14b6j10ld8naue9i4c6pkin6ndpm6t",
  "fields": {
    "session_data": ".eJxVjDsOwjAQBe_iGlnrz9oOJT1nsNY_HEC2FCcV4u4QKQW0b2bei3na1uq3kRc_J3Zmgp1-t0DxkdsO0p3arfPY27rMge8KP-jg157y83K4fweVRv3WCk1xNhSAAFqqQAKyMxItpILOqlIgoS6EcSI0akrZETjjBEnUVgb2_gDNxzdC:1p657L:p_QGY1-YIB2UBhZACCZl7vAMMImtqBiXaDaGv0lc-iQ",
    "expire_date": "2022-12-30T07:26:51.618Z"
  }
},
{
  "model": "sessions.session",
  "pk": "vjtrbe1j61mimrli99re7c0bkehiicgn",
  "fields": {
    "session_data": ".eJxVjDsOwjAQBe_iGlnrz9oOJT1nsNY_HEC2FCcV4u4QKQW0b2bei3na1uq3kRc_J3Zmgp1-t0DxkdsO0p3arfPY27rMge8KP-jg157y83K4fweVRv3WCk1xNhSAAFqqQAKyMxItpILOqlIgoS6EcSI0akrZETjjBEnUVgb2_gDNxzdC:1p650p:6ReFUlyWrXMQSXEYuy-OfI3VDt2KrPtppVj8W7ngo1A",
    "expire_date": "2022-12-30T07:20:07.096Z"
  }
},
{
  "model": "sessions.session",
  "pk": "z0ls8x9fqn85ebsfnjz4uu3nx6hzvnmp",
  "fields": {
    "session_data": ".eJxVjDsOwjAQBe_iGllr409MSZ8zRLvrNQ6gRIqTCnF3iJQC2jcz76UG3NY6bE2WYczqoow6_W6E_JBpB_mO023WPE_rMpLeFX3Qpvs5y_N6uH8HFVv91tGTR3CdNSVByCBR2DAYLl2Ws4sG2QSmxCmCL4XEdRQpJIvWugBevT_jgDfL:1p5YCn:iSoStpClLbvvHRMAGzs07sninqANK7MPuAeJfT7F988",
    "expire_date": "2022-12-28T20:18:17.752Z"
  }
},
{
  "model": "service.servicecategory",
  "pk": 1,
  "fields": {
    "title": "Парикмахерские услуги"
  }
},
{
  "model": "service.servicecategory",
  "pk": 2,
  "fields": {
    "title": "Ногтевой сервис"
  }
},
{
  "model": "service.servicecategory",
  "pk": 3,
  "fields": {
    "title": "Макияж"
  }
},
{
  "model": "service.salon",
  "pk": 1,
  "fields": {
    "title": "BeautyCity Пушкинская",
    "address": "ул. Пушкинская, д. 78А",
    "image": "Пушкинская.jpeg",
    "categories": []
  }
},
{
  "model": "service.salon",
  "pk": 2,
  "fields": {
    "title": "BeautyCity Ленина",
    "address": "ул. Ленина, д. 211",
    "image": "Ленина.jpeg",
    "categories": []
  }
},
{
  "model": "service.salon",
  "pk": 3,
  "fields": {
    "title": "BeautyCity Красная",
    "address": "ул. Красная, д. 10",
    "image": "Красная.jpeg",
    "categories": []
  }
},
{
  "model": "service.service",
  "pk": 1,
  "fields": {
    "title": "Окрашивание волос",
    "price": 5000,
    "category": 1,
    "image": "Окрашивание_волос.jpeg"
  }
},
{
  "model": "service.service",
  "pk": 2,
  "fields": {
    "title": "Укладка волос",
    "price": 1500,
    "category": 1,
    "image": "Укладка_волос2.jpeg"
  }
},
{
  "model": "service.service",
  "pk": 3,
  "fields": {
    "title": "Маникюр. Классический",
    "price": 1400,
    "category": 2,
    "image": "Маникюр._Классический._Гель.jpeg"
  }
},
{
  "model": "service.service",
  "pk": 4,
  "fields": {
    "title": "Педикюр",
    "price": 1400,
    "category": 2,
    "image": "Педикюр.jpeg"
  }
},
{
  "model": "service.service",
  "pk": 5,
  "fields": {
    "title": "Наращивание ногтей",
    "price": 1400,
    "category": 2,
    "image": "наращивание_ногтей.jpeg"
  }
},
{
  "model": "service.service",
  "pk": 6,
  "fields": {
    "title": "Дневной макияж",
    "price": 1400,
    "category": 3,
    "image": "Дневной_макияж_ERxG9cD.jpeg"
  }
},
{
  "model": "service.service",
  "pk": 7,
  "fields": {
    "title": "Свадебный макияж",
    "price": 3000,
    "category": 3,
    "image": "свадебный_макияж.jpeg"
  }
},
{
  "model": "service.service",
  "pk": 8,
  "fields": {
    "title": "Вечерний макияж",
    "price": 2000,
    "category": 3,
    "image": "вечерний_макияж_JZp20w4.jpeg"
  }
},
{
  "model": "service.master",
  "pk": 1,
  "fields": {
    "first_name": "Юля",
    "second_name": "Мастерова",
    "salon": 1,
    "image": "юля.jpeg",
    "service": [
      2
    ]
  }
},
{
  "model": "service.master",
  "pk": 2,
  "fields": {
    "first_name": "Юля",
    "second_name": "Мастерова",
    "salon": 2,
    "image": "юля_QcMDShV.jpeg",
    "service": [
      1
    ]
  }
},
{
  "model": "service.master",
  "pk": 3,
  "fields": {
    "first_name": "Юля",
    "second_name": "Мастерова",
    "salon": 3,
    "image": "юля_TTDh9o3.jpeg",
    "service": [
      2
    ]
  }
},
{
  "model": "service.master",
  "pk": 4,
  "fields": {
    "first_name": "Кира",
    "second_name": "Многоручка",
    "salon": 1,
    "image": "многоручка_zxx5ubr.jpeg",
    "service": [
      3
    ]
  }
},
{
  "model": "service.master",
  "pk": 5,
  "fields": {
    "first_name": "Кира",
    "second_name": "Многоручка",
    "salon": 2,
    "image": "многоручка.jpeg",
    "service": [
      4
    ]
  }
},
{
  "model": "service.master",
  "pk": 6,
  "fields": {
    "first_name": "Кира",
    "second_name": "Многоручка",
    "salon": 3,
    "image": "многоручка_Kp253pm.jpeg",
    "service": [
      3
    ]
  }
},
{
  "model": "service.master",
  "pk": 7,
  "fields": {
    "first_name": "Андрей",
    "second_name": "Клоун",
    "salon": 1,
    "image": "клоун.jpeg",
    "service": [
      6
    ]
  }
},
{
  "model": "service.master",
  "pk": 8,
  "fields": {
    "first_name": "Андрей",
    "second_name": "Клоун",
    "salon": 1,
    "image": "клоун_D5HBUFt.jpeg",
    "service": [
      7
    ]
  }
},
{
  "model": "service.master",
  "pk": 9,
  "fields": {
    "first_name": "Андрей",
    "second_name": "Клоун",
    "salon": 3,
    "image": "клоун_RshBv14.jpeg",
    "service": [
      8
    ]
  }
},
{
  "model": "service.master",
  "pk": 10,
  "fields": {
    "first_name": "Андрей",
    "second_name": "Клоун",
    "salon": 2,
    "image": "клоун_2Y4Zn7Z.jpeg",
    "service": [
      7
    ]
  }
},
{
  "model": "service.master",
  "pk": 11,
  "fields": {
    "first_name": "Елена",
    "second_name": "Малифисента",
    "salon": 1,
    "image": "малифисента_eu82frT.jpeg",
    "service": [
      6
    ]
  }
},
{
  "model": "service.master",
  "pk": 12,
  "fields": {
    "first_name": "Елена",
    "second_name": "Малифисента",
    "salon": 3,
    "image": "малифисента.jpeg",
    "service": [
      8
    ]
  }
},
{
  "model": "service.master",
  "pk": 13,
  "fields": {
    "first_name": "Калина",
    "second_name": "Красная",
    "salon": 1,
    "image": "дьявол.jpeg",
    "service": [
      2
    ]
  }
},
{
  "model": "service.master",
  "pk": 14,
  "fields": {
    "first_name": "Калина",
    "second_name": "Красная",
    "salon": 3,
    "image": "дьявол_mwTuror.jpeg",
    "service": [
      2
    ]
  }
},
{
  "model": "service.user",
  "pk": 1,
  "fields": {
    "first_name": "Лариса",
    "second_name": "Гузеева",
    "phone_number": "+79223456789",
    "passcode": 7777,
    "image": "images.jpeg"
  }
},
{
  "model": "service.user",
  "pk": 2,
  "fields": {
    "first_name": "Шэрон",
    "second_name": "Стоун",
    "phone_number": "+79883455663",
    "passcode": 7777,
    "image": "шерон.jpg"
  }
},
{
  "model": "service.user",
  "pk": 3,
  "fields": {
    "first_name": "Сара-Джесика",
    "second_name": "Паркер",
    "phone_number": "+79336577474",
    "passcode": 7777,
    "image": "джесика_паркер.jpeg"
  }
},
{
  "model": "service.user",
  "pk": 4,
  "fields": {
    "first_name": "Дэми",
    "second_name": "Мур",
    "phone_number": "+79387655343",
    "passcode": 7777,
    "image": "деми.jpeg"
  }
},
{
  "model": "service.user",
  "pk": 5,
  "fields": {
    "first_name": "Анджелина",
    "second_name": "Джоли",
    "phone_number": "+79234566332",
    "passcode": 1869,
    "image": "джоли.jpeg"
  }
},
{
  "model": "service.timeslot",
  "pk": 1,
  "fields": {
    "client": 5,
    "master": 1,
    "service": 1,
    "salon": 2,
    "day": "2022-12-15",
    "time": "22:04:58"
  }
},
{
  "model": "service.timeslot",
  "pk": 2,
  "fields": {
    "client": 5,
    "master": 7,
    "service": 3,
    "salon": 2,
    "day": "2022-12-16",
    "time": "06:11:53"
  }
},
{
  "model": "service.timeslot",
  "pk": 3,
  "fields": {
    "client": 5,
    "master": 3,
    "service": 2,
    "salon": 1,
    "day": "2022-12-16",
    "time": "06:12:13"
  }
},
{
  "model": "service.timeslot",
  "pk": 4,
  "fields": {
    "client": 3,
    "master": 13,
    "service": 7,
    "salon": 3,
    "day": "2022-12-16",
    "time": "06:12:34"
  }
},
{
  "model": "service.timeslot",
  "pk": 5,
  "fields": {
    "client": 5,
    "master": 11,
    "service": 4,
    "salon": 1,
    "day": "2022-12-17",
    "time": "07:42:00"
  }
},
{
  "model": "service.order",
  "pk": 1,
  "fields": {
    "client": 5,
    "service": 1,
    "salon": 2,
    "created_at": "2022-12-17T08:41:22Z",
    "day": "2022-12-21",
    "time": "22:04:58",
    "payment": false,
    "master": 1
  }
},
{
  "model": "service.order",
  "pk": 2,
  "fields": {
    "client": 5,
    "service": 3,
    "salon": 2,
    "created_at": "2022-12-17T08:41:22Z",
    "day": "2022-12-16",
    "time": "06:11:53",
    "payment": false,
    "master": 7
  }
},
{
  "model": "service.order",
  "pk": 3,
  "fields": {
    "client": 5,
    "service": 2,
    "salon": 1,
    "created_at": "2022-12-17T08:41:22Z",
    "day": "2022-12-16",
    "time": "06:12:13",
    "payment": true,
    "master": 3
  }
},
{
  "model": "service.order",
  "pk": 4,
  "fields": {
    "client": 3,
    "service": 7,
    "salon": 3,
    "created_at": "2022-12-17T10:22:35Z",
    "day": "2022-12-21",
    "time": "06:12:34",
    "payment": false,
    "master": 13
  }
},
{
  "model": "service.order",
  "pk": 5,
  "fields": {
    "client": 5,
    "service": 4,
    "salon": 1,
    "created_at": "2022-12-17T08:41:22Z",
    "day": "2022-12-20",
    "time": "07:42:00",
    "payment": true,
    "master": 11
  }
},
{
  "model": "service.comment",
  "pk": 1,
  "fields": {
    "user": 3,
    "text": "Отличное место для красоты, очень доброжелательный и отзывчивый персонал, девочки заботливые, аккуратные и большие профессионалы. Посещаю салон с самого начала, но он не теряет своей привлекательности, как в обслуживании.",
    "master": 1
  }
},
{
  "model": "service.comment",
  "pk": 2,
  "fields": {
    "user": 2,
    "text": "Делала процедуру микротоки у мастера Светланы . Светлана внимательная, приветливая, ненавязчивая. Рекомендую и мастера, и процедуру. Еще делала бровки у Татьяны , я в восторге , брови просто идеально сдеданы",
    "master": 7
  }
},
{
  "model": "service.comment",
  "pk": 3,
  "fields": {
    "user": 2,
    "text": "Мне всё лень было отзыв писать, но вот \"руки дошли\". Несколько раз здесь стриглась, мастера звали, кажется, Катя. Все было отлично, приятная молодая женщина и по стрижке вопросов не было)",
    "master": 1
  }
},
{
  "model": "service.document",
  "pk": 1,
  "fields": {
    "title": "privacy_polite",
    "file": "privacy_polite.doc"
  }
}
]
